Python Version, Joules, Energy_Time
3.11, 387.6311456851958, 20.101114
3.14, 398.99859529876693, 20.079863
