Python Version, Energy (Joules), Time (s)
3.11, 1740152130842, 0.000004
3.14, 1740152151432, 0.000006
